{"Continent":0,
"Points":[[5850.2412109375,-3124.4670410156,130.2686920166,170],
[5702.8984375,-3155.5600585938,132.78701782227,170],
[5441.4638671875,-3277.1020507812,161.38635253906,170],
[5355.1171875,-3415.0715332031,168.30012512207,170],
[5148.8120117188,-3326.4719238281,155.35054016113,170],
[5059.9033203125,-3246.0788574219,198.98118591309,170],
[5185.1850585938,-3414.47265625,166.39826965332,170],
[5278.3071289062,-3505.6916503906,142.10632324219,170],
[5199.9770507812,-3614.9284667969,182.54663085938,170],
[5016.8461914062,-3666.9418945312,215.62170410156,170],
[4870.5205078125,-3733.7299804688,204.78665161133,170],
[4794.35546875,-3770.2724609375,192.25288391113,170],
[4716.6499023438,-3807.5537109375,179.46569824219,170],
[4650.5239257812,-3839.2795410156,168.58403015137,170],
[4633.8203125,-3964.9125976562,158.65686035156,170],
[4662.6118164062,-4030.2861328125,158.5246887207,170],
[4793.0483398438,-4225.0913085938,170.48489379883,170],
[4901.3671875,-4320.4956054688,198.44343566895,170],
[5040.2080078125,-4340.4892578125,232.61524963379,170],
[5110.3393554688,-4349.1201171875,227.06292724609,170],
[5139.0830078125,-4491.8720703125,203.63395690918,170],
[5102.298828125,-4624.83984375,196.1672668457,170],
[5048.4741210938,-4799.6518554688,221.30992126465,170],
[4968.1557617188,-5024.1879882812,287.25723266602,170],
[5052.0249023438,-5092.5107421875,270.4885559082,170],
[5321.818359375,-5168.3149414062,244.56750488281,170],
[5449.64453125,-5242.6489257812,227.43682861328,170],
[5595.9501953125,-5337.537109375,229.88026428223,170],
[5680.8701171875,-5410.068359375,283.36730957031,170],
[5785.9375,-5513.0283203125,287.63647460938,170],
[5904.6357421875,-5633.9267578125,307.12042236328,170],
[6068.1645507812,-5673.7114257812,357.63067626953,170],
[6189.0502929688,-5684.2353515625,342.05200195312,170],
[6402.9077148438,-5706.62109375,379.54843139648,170],
[6554.8403320312,-5704.0537109375,373.13439941406,170],
[6699.75,-5719.6215820312,377.43487548828,170],
[6865.8403320312,-5769.5830078125,381.21817016602,170],
[6981.6420898438,-5806.63671875,381.32675170898,170],
[7118.9184570312,-5850.5629882812,381.45550537109,170],
[7269.0083007812,-5802.3149414062,373.501953125,170],
[7430.0483398438,-5674.7143554688,362.74993896484,170],
[7567.349609375,-5536.3178710938,348.67956542969,170],
[7714.3681640625,-5577.103515625,315.79635620117,170],
[8086.39453125,-5850.990234375,211.18270874023,170],
[8226.53515625,-5921.474609375,191.7887878418,170],
[8437.1904296875,-5915.748046875,182.20997619629,170],
[8578.466796875,-5854.5703125,213.87669372559,170],
[8741.80078125,-5772.025390625,257.45764160156,170],
[9093.46875,-5566.7377929688,273.46194458008,170],
[9145.1904296875,-5435.5390625,263.02624511719,170],
[9183.384765625,-5321.2890625,253.11540222168,170],
[9237.748046875,-5158.6748046875,239.0090637207,170],
[9239.642578125,-4974.6416015625,227.56399536133,170],
[9162.107421875,-4849.11328125,218.26943969727,170],
[9072.041015625,-4595.2573242188,195.11589050293,170],
[9010.15234375,-4316.0483398438,158.88163757324,170],
[9021.3447265625,-4141.4072265625,142.06077575684,170],
[9177.0419921875,-4032.84765625,142.56219482422,170],
[9323.7412109375,-3982.5541992188,147.2208404541,170],
[9439.140625,-3911.46875,149.57653808594,170],
[9533.318359375,-3822.9328613281,200.34246826172,170],
[9590.4736328125,-3733.4284667969,202.81709289551,170],
[9619.0390625,-3581.9592285156,191.84992980957,170],
[9525.494140625,-3418.5598144531,181.87693786621,170],
[9345.9150390625,-3353.2841796875,163.22312927246,170],
[9176.48046875,-3417.9187011719,149.78477478027,170],
[9088.962890625,-3293.7270507812,125.58854675293,170],
[8939.759765625,-3172.5065917969,110.0816192627,170],
[8793.0634765625,-3189.5639648438,118.38747406006,170],
[8709.7353515625,-3299.3041992188,125.11629486084,170],
[8730.291015625,-3423.044921875,131.18823242188,170],
[8852.0048828125,-3514.705078125,124.65366363525,170],
[8871.0859375,-3632.8137207031,111.25601196289,170],
[8827.837890625,-3755.1770019531,105.02606201172,170],
[8645.4150390625,-3797.0874023438,111.67176055908,170],
[8513.240234375,-3739.6105957031,127.17280578613,170],
[8395.3095703125,-3701.6594238281,135.77836608887,170],
[8224.1181640625,-3663.513671875,139.80448913574,170],
[7988.9140625,-3499.0483398438,148.63563537598,170],
[7866.2045898438,-3440.380859375,149.2349395752,170],
[7730.8759765625,-3411.802734375,144.9660949707,170],
[7590.2661132812,-3360.1323242188,134.32534790039,170],
[7454.1806640625,-3295.3671875,121.3645401001,170],
[7335.0864257812,-3236.3923339844,110.98049926758,170],
[7158.306640625,-3203.9780273438,112.67652130127,170],
[6988.9096679688,-3222.2885742188,119.54323577881,170]]}