{"\u0043\u006f\u006e\u0074\u0069\u006e\u0065\u006e\u0074":2552,
"\u0050\u006f\u0069\u006e\u0074\u0073":[[1331.3850097656,-2256.2158203125,150.08030700684,100],
[1436.9500732422,-2255.2236328125,132.02011108398,100],
[1537.4403076172,-2258.5893554688,147.04537963867,100],
[1637.0372314453,-2242.3229980469,102.2384185791,100],
[1732.3411865234,-2205.3195800781,106.80451965332,100],
[1826.8006591797,-2245.7194824219,93.048484802246,100],
[1834.0335693359,-2346.8933105469,98.754699707031,100],
[1812.4000244141,-2447.55078125,133.02874755859,100],
[1802.634765625,-2552.9833984375,140.91328430176,100],
[1794.5197753906,-2658.7043457031,184.23558044434,100],
[1842.6301269531,-2748.9221191406,184.16160583496,100],
[1916.5780029297,-2821.3859863281,176.30711364746,100],
[1971.8953857422,-2909.2919921875,173.26504516602,100],
[1983.4927978516,-3011.8693847656,169.61982727051,100],
[1937.3067626953,-3104.513671875,172.38847351074,100],
[1875.4711914062,-3188.982421875,203.8341217041,100],
[1784.1673583984,-3230.4094238281,152.42300415039,100],
[1781.5239257812,-3334.8173828125,158.33662414551,100],
[1880.9187011719,-3321.6826171875,185.46852111816,100],
[1983.4427490234,-3315.5949707031,200.67233276367,100],
[2084.2299804688,-3297.8205566406,220.134765625,100],
[2171.4526367188,-3349.1472167969,203.09393310547,100],
[2194.6599121094,-3452.9650878906,239.15603637695,100],
[2218.8298339844,-3553.8271484375,268.4485168457,100],
[2246.3286132812,-3650.5776367188,295.32211303711,100],
[2148.5795898438,-3686.9743652344,225.6838684082,100],
[2044.1729736328,-3674.0329589844,175.35064697266,100],
[1938.8287353516,-3681.9990234375,149.20672607422,100],
[1861.3690185547,-3754.1708984375,125.4467010498,100],
[1759.0413818359,-3755.7941894531,133.09796142578,100],
[1691.2254638672,-3834.4296875,139.31275939941,100],
[1732.5821533203,-3926.3642578125,98.347434997559,100],
[1627.7966308594,-3937.9020996094,85.923164367676,100],
[1562.1895751953,-3859.0495605469,98.69962310791,100],
[1554.611328125,-3753.8874511719,83.737487792969,100],
[1543.4852294922,-3651.7224121094,101.87242126465,100],
[1499.2149658203,-3561.9230957031,158.05065917969,100],
[1442.9497070312,-3476.0014648438,151.68545532227,100],
[1419.1258544922,-3377.7922363281,122.90293121338,100],
[1390.5087890625,-3279.3491210938,108.15831756592,100],
[1290.5354003906,-3271.1333007812,95.848304748535,100],
[1193.6363525391,-3242.9304199219,77.856727600098,100],
[1105.3637695312,-3185.59375,77.634521484375,100],
[1003.7940673828,-3162.5417480469,101.77433776855,100],
[923.17565917969,-3096.6613769531,80.830574035645,100],
[871.04547119141,-3010.25,114.77814483643,100],
[816.58331298828,-2919.9736328125,110.56004333496,100],
[764.75616455078,-2831.6413574219,91.461158752441,100],
[736.60241699219,-2730.4370117188,71.896934509277,100],
[664.14916992188,-2661.0668945312,50.299404144287,100],
[562.8828125,-2655.890625,87.473579406738,100],
[504.76205444336,-2573.3757324219,83.991470336914,100],
[482.64837646484,-2475.4272460938,94.731460571289,100],
[462.20175170898,-2373.5844726562,163.71032714844,100],
[445.99252319336,-2269.7944335938,251.04988098145,100],
[429.2063293457,-2170.0798339844,292.30715942383,100],
[411.51000976562,-2071.4035644531,288.75521850586,100],
[390.86184692383,-1970.9621582031,242.8603515625,100],
[373.89505004883,-1871.0809326172,199.49638366699,100],
[379.24398803711,-1768.5568847656,209.18658447266,100],
[399.83984375,-1665.2220458984,216.15826416016,100],
[427.87396240234,-1566.9444580078,174.27000427246,100],
[456.96139526367,-1465.0007324219,188.90240478516,100],
[491.6826171875,-1370.9133300781,162.18467712402,100],
[543.9140625,-1283.6868896484,119.03974914551,100],
[596.2861328125,-1196.5968017578,119.9112701416,100],
[679.21661376953,-1135.5137939453,107.95612335205,100],
[780.75347900391,-1147.4232177734,134.91795349121,100],
[878.78033447266,-1189.2879638672,125.27795410156,100],
[966.86315917969,-1239.6536865234,144.84260559082,100],
[1062.0026855469,-1283.6429443359,131.00314331055,100],
[1151.6611328125,-1235.3570556641,147.26811218262,100],
[1231.5516357422,-1170.2828369141,117.11096191406,100],
[1264.2744140625,-1068.7502441406,135.04679870605,100],
[1276.4578857422,-964.43780517578,126.0592880249,100],
[1294.6697998047,-866.04364013672,107.67676544189,100],
[1377.8889160156,-803.15618896484,138.32806396484,100],
[1463.8316650391,-741.29931640625,114.05153656006,100],
[1471.3311767578,-636.55712890625,152.71867370605,100],
[1467.7564697266,-532.83721923828,139.93771362305,100],
[1441.5256347656,-433.9889831543,121.62866973877,100],
[1407.1945800781,-336.93728637695,104.12439727783,100],
[1418.4488525391,-232.88426208496,89.473617553711,100],
[1482.5289306641,-154.66059875488,93.334678649902,100],
[1568.7258300781,-101.55821228027,120.6616973877,100],
[1661.7960205078,-64.562461853027,119.3299331665,100],
[1756.1418457031,-29.487577438354,143.45593261719,100],
[1861.2729492188,-36.394721984863,136.8225402832,100],
[1956.9128417969,-70.309913635254,155.57284545898,100],
[2023.2359619141,-149.94784545898,126.38182830811,100],
[2101.0913085938,-212.97613525391,179.18742370605,100],
[2143.7143554688,-306.48764038086,147.79347229004,100],
[2176.4282226562,-405.34375,92.164543151855,100],
[2214.5178222656,-498.13995361328,97.490280151367,100],
[2313.5339355469,-532.01342773438,82.390502929688,100],
[2405.0288085938,-583.21875,96.946357727051,100],
[2435.8205566406,-682.14526367188,78.26390838623,100],
[2332.822265625,-702.03662109375,62.599445343018,100],
[2282.8793945312,-800.47875976562,49.371505737305,100],
[2208.1103515625,-879.48687744141,75.799415588379,100],
[2109.8344726562,-925.56048583984,87.347702026367,100],
[2023.2817382812,-984.78582763672,71.047241210938,100],
[1930.8095703125,-1047.4461669922,112.02554321289,100],
[1832.7340087891,-1089.9790039062,94.540107727051,100],
[1729.5518798828,-1121.8077392578,100.8433303833,100],
[1627.2838134766,-1142.4395751953,110.58941650391,100],
[1526.7463378906,-1178.7019042969,80.910919189453,100],
[1463.1175537109,-1260.0882568359,86.339538574219,100],
[1432.2255859375,-1355.7626953125,110.46865844727,100],
[1398.0811767578,-1451.5706787109,84.562698364258,100],
[1358.255859375,-1548.6604003906,112.94664764404,100],
[1318.3626708984,-1645.2543945312,98.38875579834,100],
[1265.8200683594,-1738.0334472656,128.52386474609,100],
[1266.2775878906,-1840.2855224609,117.97794342041,100],
[1324.0788574219,-1927.2265625,144.90379333496,100],
[1396.2531738281,-1998.9962158203,115.17939758301,100],
[1400.2985839844,-2002.9946289062,112.60524749756,100]]}
