{"Continent":2552,
"Points":[[3390.6833496094,-3330.0151367188,277.00503540039,150],
[3233.0971679688,-3333.353515625,220.2926940918,150],
[3095.205078125,-3262.1896972656,262.56332397461,150],
[2970.697265625,-3351.2106933594,240.06010437012,150],
[2857.6391601562,-3454.7229003906,258.80615234375,150],
[2745.05078125,-3354.7497558594,244.03823852539,150],
[2599.037109375,-3313.2678222656,202.14151000977,150],
[2491.3347167969,-3420.3276367188,224.18014526367,150],
[2340.10546875,-3448.4125976562,189.04817199707,150],
[2192.2744140625,-3407.2543945312,219.55354309082,150],
[2037.4788818359,-3400.7626953125,183.74114990234,150],
[1921.7463378906,-3296.0639648438,202.34539794922,150],
[1853.0623779297,-3157.2658691406,177.71234130859,150],
[1733.2104492188,-3064.2326660156,197.7449798584,150],
[1735.9510498047,-2909.880859375,168.43257141113,150],
[1762.1661376953,-2758.310546875,189.96697998047,150],
[1826.7562255859,-2622.4562988281,157.75396728516,150],
[1918.2750244141,-2501.51171875,129.01483154297,150],
[1897.9538574219,-2348.935546875,104.08689117432,150],
[1766.2869873047,-2267.6564941406,77.842849731445,150],
[1625.3254394531,-2213.3718261719,56.599411010742,150],
[1558.8532714844,-2078.3181152344,78.988548278809,150],
[1623.9418945312,-1942.8698730469,82.458992004395,150],
[1652.0166015625,-1794.4541015625,65.939819335938,150],
[1536.0197753906,-1692.0565185547,88.611663818359,150],
[1390.4732666016,-1634.6459960938,70.965133666992,150],
[1328.4641113281,-1496.5673828125,77.981559753418,150],
[1345.5416259766,-1342.8900146484,82.62272644043,150],
[1414.5174560547,-1208.5505371094,103.75400543213,150],
[1563.8101806641,-1161.6193847656,58.774887084961,150],
[1678.1047363281,-1062.6077880859,90.482124328613,150],
[1833.8022460938,-1048.0671386719,83.551651000977,150],
[1987.6730957031,-1057.0247802734,73.167213439941,150],
[2143.2653808594,-1054.8217773438,81.016654968262,150],
[2186.3330078125,-907.48803710938,47.928478240967,150],
[2142.3068847656,-759.44415283203,74.777435302734,150],
[2195.890625,-618.40264892578,90.613594055176,150],
[2330.9226074219,-551.82434082031,102.44993591309,150],
[2473.677734375,-499.93026733398,106.86946105957,150],
[2369.3977050781,-387.31219482422,99.043395996094,150],
[2233.1916503906,-314.9665222168,128.58541870117,150],
[2101.1689453125,-234.05642700195,169.10568237305,150],
[1989.6888427734,-126.39630126953,180.01745605469,150],
[1855.7448730469,-51.778324127197,178.05921936035,150],
[1699.0311279297,-68.664031982422,183.67333984375,150],
[1569.3061523438,-147.7790222168,143.28950500488,150],
[1446.57421875,-241.25054931641,136.90112304688,150],
[1347.302734375,-356.58694458008,78.676391601562,150],
[1362.5570068359,-510.73715209961,110.79817199707,150],
[1357.7316894531,-663.79760742188,121.64143371582,150],
[1278.6273193359,-794.35668945312,89.23184967041,150],
[1258.6644287109,-944.4345703125,72.678207397461,150],
[1192.8916015625,-1084.1243896484,112.22772979736,150],
[1042.5589599609,-1111.7139892578,105.72773742676,150],
[933.58746337891,-1214.8513183594,131.14938354492,150],
[805.94006347656,-1300.4249267578,177.13899230957,150],
[695.16345214844,-1411.1208496094,217.58773803711,150],
[593.51696777344,-1525.9658203125,269.47232055664,150],
[490.70333862305,-1641.8381347656,302.43215942383,150],
[418.71060180664,-1774.2788085938,240.21801757812,150],
[370.58355712891,-1922.5396728516,173.63656616211,150],
[355.91033935547,-2077.8981933594,125.31468200684,150],
[399.54718017578,-2223.5812988281,92.051361083984,150],
[462.17068481445,-2361.8610839844,53.13162612915,150],
[589.99688720703,-2446.689453125,49.704448699951,150],
[746.62628173828,-2444.4177246094,79.136528015137,150],
[765.74163818359,-2594.89453125,96.737190246582,150],
[648.76342773438,-2691.9592285156,71.858619689941,150],
[576.91204833984,-2824.400390625,73.903282165527,150],
[711.69732666016,-2891.2055664062,93.99560546875,150],
[864.49249267578,-2881.3068847656,92.640289306641,150],
[995.63464355469,-2962.9738769531,77.666534423828,150],
[1042.7520751953,-3109.1918945312,96.749206542969,150],
[1155.8657226562,-3208.7788085938,114.80557250977,150],
[1252.5274658203,-3328.4348144531,139.17477416992,150],
[1292.0013427734,-3479.2399902344,118.11457824707,150],
[1222.2502441406,-3617.923828125,79.576171875,150],
[1096.2849121094,-3705.4094238281,48.472923278809,150],
[1077.9881591797,-3857.6662597656,78.708450317383,150],
[1101.5307617188,-4011.1245117188,58.911117553711,150],
[1088.8444824219,-4164.1962890625,84.812400817871,150],
[1124.8608398438,-4310.1088867188,41.419361114502,150],
[1253.3555908203,-4227.1342773438,75.085830688477,150],
[1382.3498535156,-4144.7221679688,49.303291320801,150],
[1482.7950439453,-4032.9807128906,38.138778686523,150],
[1601.1809082031,-3939.9807128906,88.207740783691,150],
[1755.4836425781,-3936.4035644531,111.90426635742,150],
[1862.9124755859,-4047.087890625,96.805313110352,150],
[1929.0538330078,-4186.3813476562,84.621269226074,150],
[1969.7700195312,-4331.0302734375,102.81038665771,150],
[1934.2368164062,-4478.5317382812,94.340530395508,150],
[1885.9914550781,-4622.9155273438,125.90551757812,150],
[1980.3325195312,-4743.8491210938,105.16519927979,150],
[2124.3771972656,-4790.2670898438,102.12755584717,150],
[2274.251953125,-4816.4418945312,104.01971435547,150],
[2410.9860839844,-4753.798828125,123.53897094727,150],
[2547.2355957031,-4683.9892578125,134.87847900391,150],
[2673.4411621094,-4595.3305664062,127.57178497314,150],
[2801.5671386719,-4516.5830078125,138.53549194336,150],
[2955.8869628906,-4531.7705078125,122.58522796631,150],
[3079.6875,-4625.7895507812,132.35275268555,150],
[3152.1887207031,-4759.03125,92.340843200684,150],
[3236.1984863281,-4883.8842773438,99.236763000488,150],
[3347.4436035156,-4992.9970703125,103.42255401611,150],
[3462.80859375,-5100.1196289062,103.8712310791,150],
[3598.2429199219,-5027.8115234375,89.963996887207,150],
[3687.56640625,-4904.7446289062,110.17156219482,150],
[3731.4919433594,-4756.4477539062,136.80856323242,150],
[3807.6306152344,-4618.4526367188,146.13191223145,150],
[3897.9035644531,-4496.21484375,131.46801757812,150],
[3902.6948242188,-4342.0043945312,131.82656860352,150],
[3849.4553222656,-4198.724609375,158.80056762695,150],
[3814.8857421875,-4049.7312011719,161.3055267334,150],
[3765.349609375,-3899.7014160156,213.1847076416,150],
[3695.9240722656,-3762.9204101562,232.21742248535,150],
[3644.669921875,-3620.1735839844,274.24319458008,150],
[3598.416015625,-3473.4555664062,259.99227905273,150],
[3552.4455566406,-3362.0192871094,291.37371826172,150]]}