{"Continent":0,
"Points":[[9179.8828125,-5338.3100585938,307.6867980957,170],
[9172.6455078125,-5458.7065429688,270.37664794922,170],
[9032.8037109375,-5555.8217773438,243.69700622559,170],
[8905.3671875,-5606.4130859375,273.00415039062,170],
[8580.3134765625,-5571.9731445312,395.31478881836,170],
[8490.3505859375,-5620.4296875,364.19454956055,170],
[8353.259765625,-5622.8466796875,336.48397827148,170],
[8275.3681640625,-5618.5434570312,335.60922241211,170],
[8186.615234375,-5613.6401367188,334.61254882812,170],
[8079.041015625,-5607.6967773438,333.40444946289,170],
[7987.494140625,-5602.638671875,332.37637329102,170],
[7839.2905273438,-5625.1440429688,327.26315307617,170],
[7731.1767578125,-5684.63671875,320.67727661133,170],
[7627.4189453125,-5751.9594726562,376.96502685547,170],
[7533.01171875,-5809.359375,373.34469604492,170],
[7423.6303710938,-5858.392578125,368.78466796875,170],
[7231.6533203125,-5938.5034179688,415.13104248047,170],
[7027.6645507812,-6021.3974609375,395.25210571289,170],
[6818.0541992188,-6098.1586914062,461.37124633789,170],
[6586.9379882812,-6328.5405273438,514.86358642578,170],
[6525.943359375,-6482.322265625,509.24487304688,170],
[6472.7036132812,-6753.5053710938,498.10748291016,170],
[6436.7626953125,-6911.4541015625,462.56155395508,170],
[6368.197265625,-7075.2280273438,455.51669311523,170],
[6231.9423828125,-7173.1528320312,451.28063964844,170],
[6015.3325195312,-7306.3666992188,404.15902709961,170],
[5857.5419921875,-7445.029296875,321.32925415039,170],
[5771.4248046875,-7532.2060546875,299.26522827148,170],
[5659.2905273438,-7610.6796875,296.80117797852,170],
[5502.8764648438,-7650.4091796875,282.93994140625,170],
[5272.9272460938,-7671.1494140625,260.62670898438,170],
[5148.990234375,-7652.46484375,243.37474060059,170],
[4999.2451171875,-7659.2788085938,211.97933959961,170],
[4877.0908203125,-7669.240234375,184.25999450684,170],
[4802.2744140625,-7708.6220703125,180.16117858887,170],
[4700.763671875,-7804.2651367188,230.78666687012,170],
[4528.12109375,-7966.3120117188,281.82177734375,170],
[4411.171875,-8096.8803710938,267.81503295898,170],
[4229.6928710938,-8017.1997070312,256.80633544922,170],
[4106.3681640625,-7881.5112304688,284.98693847656,170],
[3959.4069824219,-7694.171875,285.02893066406,170],
[3913.2670898438,-7504.2822265625,291.01068115234,170],
[3870.4467773438,-7331.1953125,360.27249145508,170],
[3790.4150390625,-7151.84375,361.26992797852,170],
[3763.8833007812,-7023.7880859375,405.11560058594,170],
[3736.7817382812,-6821.220703125,379.54006958008,170],
[3712.0759277344,-6640.93359375,385.51702880859,170],
[3699.5346679688,-6478.2622070312,385.40133666992,170],
[3693.9128417969,-6346.1484375,440.26736450195,170],
[3687.3862304688,-6204.9790039062,447.18612670898,170],
[3681.2434082031,-6072.119140625,448.80551147461,170],
[3686.7165527344,-5983.0913085938,449.84167480469,170],
[3756.4482421875,-5917.8793945312,506.60681152344,170],
[3866.9204101562,-5846.0473632812,519.73352050781,170],
[4012.5178222656,-5813.24609375,527.07989501953,170],
[4117.4116210938,-5791.1826171875,542.18835449219,170],
[4260.166015625,-5748.14453125,520.03161621094,170],
[4470.4340820312,-5684.6298828125,487.39099121094,170],
[4679.7602539062,-5621.341796875,454.89401245117,170],
[4829.4296875,-5591.9912109375,381.25741577148,170],
[4929.4174804688,-5562.1889648438,338.041015625,170],
[4987.130859375,-5489.806640625,293.80233764648,170],
[5025.5458984375,-5259.1401367188,196.33555603027,170],
[5084.7358398438,-5049.5859375,164.16995239258,170],
[5122.9580078125,-4771.0708007812,215.53804016113,170],
[5160.5087890625,-4545.763671875,165.66429138184,170],
[5150.6752929688,-4422.583984375,144.18063354492,170],
[5138.0991210938,-4170.0078125,189.48469543457,170],
[5137.16796875,-4072.9699707031,177.39329528809,170],
[5149.0395507812,-3909.38671875,206.53436279297,170],
[5227.6293945312,-3688.4289550781,132.2522277832,170],
[5355.87890625,-3634.0373535156,159.58126831055,170],
[5489.349609375,-3670.1293945312,183.03768920898,170],
[5618.7919921875,-3688.8161621094,151.25396728516,170],
[5715.0444335938,-3659.3273925781,181.64717102051,170],
[5804.6279296875,-3667.8093261719,177.15321350098,170],
[5968.63671875,-3736.7280273438,195.0244140625,170],
[6067.7412109375,-3763.8791503906,161.88371276855,170],
[6194.294921875,-3792.4396972656,136.16474914551,170],
[6330.3740234375,-3848.09375,177.33084106445,170],
[6508.0991210938,-3923.2175292969,210.34391784668,170],
[6664.0004882812,-3890.2275390625,242.34323120117,170],
[6889.4545898438,-3762.5732421875,216.48664855957,170],
[7018.2094726562,-3708.3034667969,206.68658447266,170],
[7201.6796875,-3681.693359375,194.43115234375,170],
[7332.6684570312,-3697.5832519531,182.73558044434,170],
[7618.3959960938,-3718.2314453125,156.1298828125,170],
[7786.2875976562,-3721.6823730469,179.89291381836,170],
[7882.9423828125,-3769.1684570312,154.66664123535,170],
[7927.5263671875,-3963.7507324219,131.9075012207,170],
[7804.7373046875,-4139.0126953125,179.00512695312,170],
[7698.4072265625,-4320.7495117188,126.06768035889,170],
[7673.2626953125,-4513.9750976562,102.08218383789,170],
[7644.7553710938,-4696.1767578125,150.43751525879,170],
[7600.5239257812,-4847.6181640625,174.35452270508,170],
[7532.244140625,-4964.8657226562,171.10906982422,170],
[7457.1484375,-5054.7509765625,166.78984069824,170],
[7362.4350585938,-5192.212890625,223.21090698242,170],
[7211.7192382812,-5402.91015625,213.1238861084,170],
[7044.3461914062,-5456.671875,259.44967651367,170],
[6821.8012695312,-5384.7426757812,223.27110290527,170],
[6675.3291015625,-5332.6489257812,243.49551391602,170],
[6391.1645507812,-5327.7963867188,318.12255859375,170],
[6187.6669921875,-5256.6533203125,327.12878417969,170],
[6165.4389648438,-4999.3955078125,355.81915283203,170],
[6157.5278320312,-4842.5834960938,336.55706787109,170],
[6201.78125,-4675.8500976562,377.09552001953,170],
[6285.7280273438,-4498.38671875,273.74130249023,170],
[6520.2353515625,-4353.55078125,232.41688537598,170],
[6588.6474609375,-4390.0073242188,248.01377868652,170]]}