{"Continent":2601,
"Points":[[2516.9340820312,-1759.4973144531,110.21266174316,170],
[2392.2331542969,-1636.1357421875,67.36882019043,170],
[2365.8486328125,-1461.0350341797,-6.2676978111267,170],
[2236.5483398438,-1345.8846435547,-45.951583862305,170],
[2069.3962402344,-1396.8778076172,-71.060806274414,170],
[1906.0573730469,-1451.2247314453,-106.10814666748,170],
[1736.2894287109,-1410.3784179688,-113.2611618042,170],
[1686.9272460938,-1244.6337890625,-109.79528808594,170],
[1519.0198974609,-1195.4448242188,-109.57590484619,170],
[1344.2604980469,-1198.1231689453,-114.13250732422,170],
[1239.4688720703,-1062.0028076172,-56.523601531982,170],
[1241.8021240234,-889.78161621094,-56.395904541016,170],
[1195.4467773438,-719.35919189453,-50.221267700195,170],
[1362.3917236328,-679.45153808594,-146.36376953125,170],
[1518.4099121094,-764.66680908203,-150.63983154297,170],
[1684.0377197266,-803.66900634766,-119.84680175781,170],
[1849.8846435547,-867.48638916016,-88.493759155273,170],
[2014.8735351562,-816.21069335938,-102.56930541992,170],
[2115.8112792969,-672.56872558594,-126.02558135986,170],
[1987.3642578125,-556.87182617188,-128.55136108398,170],
[1818.2869873047,-594.25341796875,-130.37120056152,170],
[1707.1234130859,-465.10488891602,-95.392471313477,170],
[1761.9708251953,-302.10986328125,-90.74047088623,170],
[1912.0988769531,-213.1031036377,-110.36498260498,170],
[1798.8562011719,-86.090950012207,-100.41955566406,170],
[1769.3449707031,82.47843170166,-62.870552062988,170],
[1762.1031494141,255.55526733398,-35.795059204102,170],
[1784.5546875,429.18792724609,13.464217185974,170],
[1856.3006591797,584.09197998047,85.659507751465,170],
[1713.134765625,683.33111572266,101.0438079834,170],
[1542.9936523438,644.87719726562,130.72607421875,170],
[1431.7794189453,513.51098632812,107.29447937012,170],
[1345.4327392578,362.32138061523,106.01202392578,170],
[1243.9659423828,219.2652130127,114.30112457275,170],
[1085.22265625,149.53016662598,101.54815673828,170],
[1126.2042236328,315.92877197266,145.35087585449,170],
[1205.5076904297,472.38226318359,155.14192199707,170],
[1275.8184814453,634.15582275391,176.62173461914,170],
[1411.9002685547,739.19268798828,173.64973449707,170],
[1480.0743408203,900.20806884766,127.35166931152,170],
[1529.3341064453,1064.1553955078,134.22328186035,170],
[1684.6246337891,1142.6281738281,115.93337249756,170],
[1808.3190917969,1268.9864501953,102.61225128174,170],
[1953.1638183594,1363.7346191406,88.61213684082,170],
[2121.7353515625,1395.4678955078,101.06694793701,170],
[2258.8002929688,1501.2448730469,65.728385925293,170],
[2155.7302246094,1641.3048095703,94.37181854248,170],
[2055.4733886719,1781.6931152344,107.28671264648,170],
[2049.7004394531,1954.1470947266,39.335338592529,170],
[1910.1644287109,2056.5192871094,82.102928161621,170],
[1742.9722900391,2101.66015625,139.16452026367,170],
[1682.1009521484,2263.7836914062,169.8606262207,170],
[1732.1468505859,2432.8212890625,118.60222625732,170],
[1874.4887695312,2528.2722167969,40.195327758789,170],
[1992.2580566406,2403.3410644531,69.515701293945,170],
[2123.4250488281,2282.6015625,69.689926147461,170],
[2251.333984375,2170.0454101562,80.407722473145,170],
[2350.2175292969,2023.5164794922,95.956161499023,170],
[2410.7524414062,1862.8123779297,27.853219985962,170],
[2558.8247070312,1764.4088134766,63.391288757324,170],
[2648.5942382812,1614.6409912109,75.899795532227,170],
[2812.7888183594,1668.8291015625,46.581565856934,170],
[2981.7170410156,1701.9011230469,75.659446716309,170],
[3145.8034667969,1652.4906005859,31.139589309692,170],
[3311.4799804688,1596.18359375,60.300037384033,170],
[3446.5451660156,1483.3225097656,50.18189239502,170],
[3496.5498046875,1317.1014404297,45.760547637939,170],
[3577.5805664062,1166.2442626953,59.520065307617,170],
[3713.5871582031,1064.0163574219,63.503036499023,170],
[3817.8583984375,919.27020263672,24.478572845459,170],
[3751.4494628906,758.68365478516,25.351709365845,170],
[3581.0258789062,751.44860839844,46.544555664062,170],
[3409.9697265625,727.39147949219,17.345220565796,170],
[3266.2485351562,632.29577636719,11.988639831543,170],
[3254.787109375,460.14297485352,58.786243438721,170],
[3295.8046875,289.00595092773,83.769790649414,170],
[3122.1826171875,255.07077026367,113.13381958008,170],
[2961.6359863281,193.36549377441,105.7850189209,170],
[2898.88671875,30.911291122437,123.55163574219,170],
[2906.0063476562,-145.04399108887,60.996387481689,170],
[2973.5766601562,-303.87112426758,25.217491149902,170],
[3146.2065429688,-281.21047973633,55.285053253174,170],
[3293.9987792969,-193.74853515625,67.955421447754,170],
[3463.4753417969,-162.02577209473,43.231410980225,170],
[3567.5979003906,-297.283203125,28.452854156494,170],
[3742.1650390625,-280.93206787109,50.08678817749,170],
[3871.0852050781,-163.54069519043,40.62474822998,170],
[3967.3645019531,-18.037147521973,43.276107788086,170],
[4008.7507324219,148.45210266113,44.553146362305,170],
[3935.8354492188,303.09378051758,74.111419677734,170],
[3939.8608398438,478.28945922852,32.600727081299,170],
[4020.5209960938,628.25067138672,59.654808044434,170],
[4192.7397460938,649.81481933594,76.154655456543,170],
[4277.0620117188,499.48721313477,70.234077453613,170],
[4245.0913085938,332.23458862305,60.586524963379,170],
[4121.0102539062,199.37309265137,47.556617736816,170],
[4063.9418945312,30.919811248779,38.081050872803,170],
[3982.7016601562,-124.75316619873,73.712509155273,170],
[4079.6323242188,-271.82275390625,39.145694732666,170],
[4098.962890625,-447.01330566406,31.810695648193,170],
[3969.5986328125,-566.95715332031,27.803430557251,170],
[3975.7722167969,-741.11114501953,31.699430465698,170],
[4147.0830078125,-745.8427734375,50.855472564697,170],
[4312.337890625,-692.45068359375,50.494613647461,170],
[4483.6752929688,-729.44281005859,53.840572357178,170],
[4615.2529296875,-844.7880859375,15.47141456604,170],
[4488.0141601562,-968.82104492188,27.047071456909,170],
[4318.5454101562,-945.64501953125,44.443710327148,170],
[4166.8500976562,-862.97662353516,84.244361877441,170],
[3998.1000976562,-833.10101318359,40.685840606689,170],
[3850.0112304688,-918.33374023438,39.855709075928,170],
[3694.1220703125,-988.39562988281,-3.24951171875,170],
[3555.4658203125,-1090.6550292969,-21.013004302979,170],
[3393.30859375,-1157.0032958984,-29.496070861816,170],
[3223.0297851562,-1122.224609375,1.3597874641418,170],
[3070.5056152344,-1027.3338623047,19.723932266235,170],
[2904.2280273438,-978.84143066406,-22.360013961792,170],
[2747.8720703125,-1057.7421875,-22.331350326538,170],
[2689.478515625,-1220.2774658203,-32.195899963379,170],
[2645.2456054688,-1392.5471191406,-35.533740997314,170],
[2572.7172851562,-1547.7352294922,12.154039382935,170],
[2559.2194824219,-1723.9272460938,89.657493591309,170],
[2552.6281738281,-1733.5314941406,88.860565185547,170]]}