{"\u0043\u006f\u006e\u0074\u0069\u006e\u0065\u006e\u0074":2601,
"\u0050\u006f\u0069\u006e\u0074\u0073":[[2425.8002929688,-1827.1451416016,114.29598236084,190],
[2395.1748046875,-1637.4936523438,63.104496002197,190],
[2331.0441894531,-1454.2690429688,26.820476531982,190],
[2196.6411132812,-1314.0958251953,-43.560180664062,190],
[2024.4025878906,-1398.6483154297,-69.734359741211,190],
[1831.1098632812,-1417.8822021484,-68.215019226074,190],
[1712.9403076172,-1258.8088378906,-97.973175048828,190],
[1714.7421875,-1067.2078857422,-83.645462036133,190],
[1754.9696044922,-878.30004882812,-70.806579589844,190],
[1938.7008056641,-825.88446044922,-65.489776611328,190],
[2078.0749511719,-691.12133789062,-80.601280212402,190],
[1956.9918212891,-539.32165527344,-108.5834197998,190],
[1775.6048583984,-478.36456298828,-91.876907348633,190],
[1697.2856445312,-301.61276245117,-96.209831237793,190],
[1734.1566162109,-114.38436889648,-54.701354980469,190],
[1778.0061035156,76.578132629395,-39.644855499268,190],
[1764.1358642578,266.91189575195,-6.752640247345,190],
[1807.0621337891,453.35125732422,47.613510131836,190],
[1699.7799072266,610.73559570312,115.9933013916,190],
[1533.7967529297,518.17083740234,136.08424377441,190],
[1359.1697998047,441.15509033203,154.31161499023,190],
[1286.3146972656,259.8557434082,152.11770629883,190],
[1123.9195556641,362.91781616211,174.59861755371,190],
[1186.2893066406,546.94976806641,204.02713012695,190],
[1252.0499267578,729.71368408203,193.8617401123,190],
[1332.9636230469,906.10632324219,190.49513244629,190],
[1513.6107177734,966.13879394531,145.40997314453,190],
[1680.607421875,1064.8270263672,142.00927734375,190],
[1770.8186035156,1237.0559082031,138.18031311035,190],
[1899.6419677734,1384.5487060547,115.92929077148,190],
[2087.4992675781,1433.8776855469,127.42492675781,190],
[2271.1477050781,1385.0161132812,112.94075012207,190],
[2467.1787109375,1385.0269775391,35.774570465088,190],
[2570.3251953125,1545.5806884766,47.670063018799,190],
[2688.1828613281,1697.3793945312,57.588645935059,190],
[2882.3857421875,1692.7005615234,61.498012542725,190],
[3078.4794921875,1698.5810546875,33.1042137146,190],
[3259.5444335938,1628.0634765625,41.601818084717,190],
[3420.3876953125,1517.3486328125,40.79772567749,190],
[3517.1884765625,1353.4611816406,61.530319213867,190],
[3609.1704101562,1187.1307373047,39.962524414062,190],
[3747.1975097656,1050.41015625,35.329444885254,190],
[3757.4411621094,856.55053710938,44.356369018555,190],
[3581.3166503906,780.40649414062,57.454040527344,190],
[3400.64453125,701.54284667969,46.82723236084,190],
[3234.3266601562,604.49420166016,32.129470825195,190],
[3118.6555175781,451.59045410156,69.542984008789,190],
[3028.1088867188,280.82400512695,111.69762420654,190],
[2918.6652832031,121.95749664307,139.64363098145,190],
[2749.7902832031,25.731485366821,94.891883850098,190],
[2677.8129882812,-154.07608032227,44.52755355835,190],
[2812.5988769531,-294.95147705078,55.059616088867,190],
[2976.548828125,-397.93090820312,68.362327575684,190],
[3025.12109375,-587.33941650391,27.315742492676,190],
[2955.291015625,-767.50689697266,-37.49243927002,190],
[2876.4143066406,-944.57800292969,-12.901586532593,190],
[2764.1657714844,-1101.8702392578,-28.131370544434,190],
[2787.3088378906,-1296.3347167969,-8.1288566589355,190],
[2715.3203125,-1472.9779052734,-9.6245403289795,190],
[2587.1848144531,-1617.5015869141,34.912746429443,190],
[2460.9401855469,-1767.2290039062,89.349617004395,190],
[2458.3188476562,-1769.4561767578,89.309356689453,190]]}
